Astrocytes,Microglia,Neuron,Oligodendrocytes,Endothelia
C8orf37,DGLUCY,C11orf87,KIAA0930,GGACT
A2M,C19orf38,CCDC184,INAVA,A3GALT2
MYORG,CD300C,CEP170B,C1orf116,A4GALT
FAM216B,IFI16,AARS2,TMEM266,C15orf48
AASS,AAGAB,ABCA5,SHISA8,UQCC3
ABAT,ABCA1,ABCC8,AARD,C16orf89
ABCB9,ABCA9,ABLIM3,ABCA2,ABCA4
ABCC12,ABCC3,ABRACL,ABCA6,ABCB1
ABCC8,ABCD1,ACBD7,ABCA8,ABCC4
ABCD2,ABHD12,ASIC5,ABHD5,ABCC6
ABCD3,ABHD14B,ACHE,ABI2,ABCC9
ABHD3,ABI3,ACR,ABTB2,ABCG2
ABHD4,ACADS,ACSL4,ACAP3,ABLIM1
ABR,ACCS,ACTA1,ASIC2,ACACB
ACAA2,ACOX3,ACTL6B,ASIC1,ACE2
ACAD11,ACSL5,ADAMTS14,ASIC4,ACER2
ACADL,ACTB,ADAMTS15,ACE,ACOT9
ACADM,ADA,ADAMTS17,ACOT7,ACSS3
ACADVL,ADAM15,ADAR,ACSL3,ACTA2
ACOT11,ADAM33,ADARB1,ACY3,ACTN1
ACOT2,ADAM8,ADARB2,ADAM11,ACTN4
ACOX1,ADAMTS16,GADL1,ADAM12,ACTR3
ACSBG1,ADAP2,ADCY1,ADAM19,ACVRL1
ACSF2,ADCY7,ADCYAP1,ADAM22,ADAM10
ACSL6,ADORA3,ADNP,ADAM9,ADAMTS9
ACSS1,ADRB2,ADPRHL1,ADAMTS2,ADAMTSL2
ACSS2,GRK2,ADRA2C,ADAMTSL3,ADCY4
ACTR3B,ADSS1,TLE5,ADAMTSL4,ADH1C
ACVR1C,AFP,AFAP1,ADAP1,ADIPOR1
ADAMTS19,AGA,AFF3,ADCY3,ADM
ADAMTS3,AGPAT2,AGBL4,ADI1,ADORA2A
ADAMTS5,AIF1,AGTPBP1,ADO,AFAP1L1
ADAMTS6,AIM2,AGTR2,ADORA1,AGFG1
ADCY2,AKAP10,AHDC1,ADSS1,AHNAK
ADCYAP1R1,AKNA,AHI1,AEBP1,AHR
ADD3,AKR1B1,AJAP1,AFAP1L2,SLC45A2
ADHFE1,ALB,AKAP8L,AGAP1,AKAP12
ADK,ALDH16A1,AKR1B10,AGAP2,PALM2AKAP2
ADORA2B,ALDH3B1,ALKBH8,AGO3,ALKBH2
ADRA2A,ALKBH3,AMIGO1,AGPAT4,ALOX12
GRK3,ALOX15,AMMECR1L,GPAT3,AMDHD1
AFF1,ALOX5,AMY2A,ETNPPL,AMMECR1
AGBL2,AMDHD2,ANGPT1,ALAS2,ANGPT2
AGFG2,ANG,ANKHD1,ALDH18A1,ANGPTL4
AGL,ANGPTL7,ANKRD24,ALDH1A2,ANKRD37
AGPAT3,ANKRD44,ANKRD34A,ALDH1L2,ANO1
AGRN,ANKS6,ANKRD34B,ALX4,ANO6
AGT,ANXA4,ANKRD35,AMD1,ANPEP
AHCYL1,AOAH,ANKRD42,AMPD3,ANTXR2
AHCYL2,AP1B1,ANKRD45,ANK1,ANXA1
AIFM3,AP1G2,ANKRD55,ANKRD28,ANXA11
AK4,AP3B1,ANO5,SOWAHA,ANXA2
AK7,AP5B1,AP1AR,ANKS1B,ANXA3
AKT2,AP5Z1,AP3B2,ANLN,ANXA5
ALDH1A1,APAF1,APBA1,ANO2,ANXA6
ALDH1A2,APBB1IP,APC2,ANO3,ANXA7
ALDH1L1,APOBEC1,ARFRP1,APBA1,AOC3
ALDH4A1,APOBEC3B,ARG2,APBB1,APBB2
ALDH5A1,APOBR,ARHGAP15,APH1B,APCDD1
ALDH6A1,APOC2,ARHGAP36,APLP1,APLN
ALDOC,ARAP1,ARHGAP39,APOD,APLNR
ALMS1,ARAP3,ARHGAP44,AQP3,APOA1
ALPK1,ARFGEF2,ARHGDIG,ARHGAP31,APOL2
ALPK3,ARG1,ARID1B,ARHGEF10,APOLD1
ALPL,ARGLU1,ARID2,ARHGEF10L,APOOL
ALS2CL,ARHGAP17,ARID4B,ARHGEF37,ARHGAP18
AMER2,ARHGAP19,ARL13B,ARL2,ARHGAP28
AMIGO3,ARHGAP22,ARMC2,ARL2BP,ARHGAP29
AMOT,ARHGAP25,ARMCX1,ARSG,ARHGEF15
AMPD2,ARHGAP27,ARMCX4,ARSJ,ARHGEF5
AMT,ARHGAP30,ARMCX5,ASB13,ARID5A
ANKRD16,ARHGAP39,ARX,ASB18,ARL4A
ANKRD40,ARHGAP4,ASB3,ASCL1,ARMC10
ANKRD9,ARHGAP9,ASGR1,ASNS,ARPC3
ZFAND4,ARHGDIA,ASS1,ASPA,ART3
ANXA9,ARHGDIB,ATAD2B,ASPDH,ASB4
AOX1,ARHGEF6,ATAD5,ATG101,ASCC3
AP4E1,ARID3A,ATF2,ATP10B,ASPN
APOE,ARID3B,ATG9B,ATP1A3,ATOX1
APPL2,ARID4A,ATN1,ATP2B3,ATP10A
AQP4,ARL11,ATP1A3,ATP6V0A2,ATP11C
AQP9,ARL4C,ATP2B1,ATP7B,ATP13A5
ARAP2,ARL5C,ATP2B2,ATRN,ATP7A
ARHGAP21,ARMC3,ATP6V0A1,B3GALT5,AVPI1
ARHGAP32,ARMC5,ATP6V1G2,B3GAT2,HELZ2
ARHGAP42,ARMC7,AURKB,B3GNT6,GINM1
ARHGAP5,ARPC1B,AVP,B3GNT7,CCM2L
ARHGEF12,ARPC4,B3GALT1,NMRK1,C1orf54
ARHGEF18,ARPC5,B3GNT4,HROB,BAG2
ARHGEF26,ACTRT3,B4GALNT4,BACE1,BAMBI
ARHGEF33,ARRB1,B4GALT6,BBS7,BCAM
ARID4A,ARRB2,PLPPR3,BCAR1,BCHE
ARL9,ARSB,PRR36,BCAS1,BCL10
ARNT2,ARSG,SELENOV,BEGAIN,BCL6B
ARNTL,AS3MT,BAG4,BGLAP,BEND5
ARNTL2,ASB10,BAIAP2L2,BHLHB9,BEST1
ARRDC3,ASB2,BAIAP3,BMP4,BGN
ASPA,ASCC1,BARHL2,BPGM,BMPR2
ASPG,ASCL2,BASP1,BRCA1,BMX
ASS1,ASGR2,BAZ1B,BVES,BNIP2
ASTE1,ASL,BAZ2B,C1QL1,BNIP3L
ASXL2,ASPH,BCL11A,C1QL2,BOK
ATAD2B,ATF3,BCL11B,C1QTNF2,BPIFB1
ATF7,ATP13A2,BCL7A,CA10,BSPRY
PGGHG,ATP2A3,BCL9,CA14,BTBD7
ATL2,ATP5F1C,BEGAIN,CACNA2D4,BTF3
ATP13A4,ATP6V1F,BEND6,CACNG4,C1QTNF9B
ATP1A2,AUP1,BEX1,CADM4,C8G
ATP1B2,B2M,BHLHE22,CALB1,CALML4
ATP2B4,B3GALT4,BLCAP,CALCRL,CALR3
ATR,B3GNT8,BMP5,CAMSAP2,CALU
ATXN7,B4GALNT1,BOD1,CAPN5,CAPG
AXIN2,B4GALT1,BPIFA1,CAPN6,CAPN12
AXL,B4GALT5,BRD1,CA2,CA4
B4GAT1,THEMIS2,BRD2,CARNS1,CA5A
C3orf52,CYBC1,BRD3,CASKIN2,CARD10
BAALC,MAP11,BRD7,CASR,CASP6
BAG3,LRRC75A,BRD8,CCDC13,CASP7
ADGRB3,ADGRB1,BRSK1,CCDC167,CASP8
BBOX1,BANK1,BRSK2,CCL11,CASQ2
BCAN,BATF,BSN,CCNA2,CAST
BCAR3,BAZ1A,BTBD11,CCNB1,CAV1
BCKDHA,BCAT2,C1QTNF1,CCND1,CAV2
BCL2,BCL2A1,C1QTNF4,CD70,ACKR4
BCL2L12,BCL2L1,C2CD2L,CD9,CCDC125
BCL2L15,BCL3,C3,CDC25C,CCDC126
BDH2,BCO2,CIP2A,CDC37L1,CCDC141
BDKRB2,BCOR,FAM8A1,CDC7,EFCC1
BDNF,BID,CAAP1,CDCA3,BICDL2
BHLHE40,BIK,CABYR,CDCA8,CCDC85A
BMPR1A,BIN1,CACNA1A,CDH11,CCL19
BMPR1B,BIN2,CACNA1B,CDH6,CCL20
BMS1,BLOC1S5,CACNA1I,CDK14,CCR10
BOC,BLVRA,CACNA2D1,CDK18,NOCT
BOLA3,BLVRB,CACNA2D2,CDO1,CD109
BTAF1,BMF,CACNA2D3,CDR2L,CD151
BTBD17,BMP2K,CACNB2,CDV3,CD248
BTD,BRI3,CACNB3,CENPB,CD27
C2CD4B,BTAF1,CACNB4,CENPK,CD2AP
C4A,BTG1,CACNG2,CENPM,CD300LG
CA2,BTK,CACNG5,CENPN,CD320
CA3,C1QA,CADM3,CENPV,CD34
CA5B,C1QB,CADPS,CERS2,CD40
CAMK2G,C1QC,CADPS2,CETN2,CD55
CAP2,C1RL,CALB1,CHADL,CD69
CAPN11,C2,CALB2,CHD1,CD93
CAPNS1,C3,CALCB,CHDH,ADGRE5
CAPS2,C3AR1,CALN1,CHN2,CDC42EP3
CAPSL,C5AR1,CALY,CHPT1,CDC42EP5
CAPZB,CABLES1,CAMK2A,CHRM1,CDHR4
CA8,CACNA1S,CAMK2B,CHRNA4,CDH5
CASKIN1,CACUL1,CAMK2N2,CHRNE,CDK1
CASKIN2,CALHM2,CAMK4,CHST11,CDKN2A
CASP8AP2,CAMK1,CAMKV,CHST3,CDKN2B
CAT,CAMP,CAMSAP1,CHST8,CDKN3
CATSPER2,CAP1,CAMTA1,CHTF18,CEACAM1
CBLB,CAPN1,CA10,CKAP2,CEBPD
CBR3,CAPN3,CASD1,CKAP2L,CFI
CBS,CAPZA1,CASP2,CLDN11,CGNL1
CBX5,CA13,CASP3,CLDN14,CHEK2
KYAT3,CARD11,CASZ1,CLEC3B,CHIC2
CFAP65,CARD9,CBLN1,CLGN,CHMP2B
CCDC113,CASP1,CBLN2,CMIP,CHRNB1
CCDC138,CASP4,CBLN4,CMTM4,CHST9
CCDC157,CASS4,CBX2,CMTM5,CISH
CCDC18,CBLN1,CBX4,CNKSR3,CKS1B
CCDC3,CBLN2,CBX6,CNP,CKS2
CFAP100,CBLN4,CBX7,CNTN1,CLCA2
CCDC60,CCDC186,CC2D1A,CNTN2,CLDN5
DEUP1,CCDC22,CCBE1,CNTN4,CLDN6
CCDC80,CCDC86,MCUB,CNTN6,CLEC14A
CCDC84,CCDC88B,CCDC116,COBL,CLEC1A
CCDC88C,CCDC93,CCDC120,COL11A2,CLEC1B
CCDC90B,CCDC97,CCDC148,COL12A1,CLEC9A
CCDC96,CCL2,CCDC152,COL13A1,CLIC5
CCNA1,CCL17,CEP112,COL1A1,CLIC6
CCND2,CCL13,CCDC6,COL1A2,CLINT1
CCNO,CCL22,BICDL1,COL20A1,CMTM8
ACKR4,CCL24,CCDC71L,COL2A1,CNN2
CD247,CCL3L3,CCDC73,COL3A1,CNOT6L
CD38,CCL4,CCDC85C,COL9A3,COBLL1
CD44,CCL5,CCK,COLEC11,COL14A1
CDC42EP1,CCR1,CCL27,CORIN,COL18A1
CDC42EP4,CCR2,CCNB1,CP,COL28A1
CDH2,CCR3,CCNF,CPLX1,COL4A1
CDK11A,CCR5,CCNT1,CPOX,COL4A2
CDK5RAP2,CCR6,CCSAP,CPZ,COL4A3
CECR2,CCR7,CD164L2,CRCP,COX4I2
HDHD5,CCRL2,CD200,CREG2,COX7B
CELSR1,CD14,CD274,CRYAB,CPA1
CCP110,CD163,CD2BP2,CSMD3,CR1L
CEP350,CD164,CDC40,CSPG4,CREM
CHD2,CD19,CDH12,CSPG5,CRISPLD1
CHD6,CD2,CDH18,CSRP1,CRK
CHD9,CD200R1,CDH4,CTNNA3,CRTAP
CHPT1,CLEC4M,CDH7,CTNNAL1,CRYBB3
CHRDL1,CD22,CDH8,CYFIP2,CRYBG3
CHST1,CD300A,CDH9,CYGB,YBX3
CHST2,CD300LB,CDHR1,CYP2J2,CSF3
CHSY1,CD300LD,CDK13,CYS1,CTHRC1
CIDEB,CD300LF,CDK2AP1,KIAA1549,CTNNA1
CKAP5,CD37,CDK5R1,C10orf90,CTNNB1
CKM,CD3D,CDK5R2,DAPK2,CTTNBP2NL
CLCC1,CD3E,CDKL1,BRINP1,CUTC
CLDN10,CD4,CDKL2,DBNDD2,CXCL2
CLEC16A,CD48,CDKL4,DCAF12L2,CXCR4
CLK2,CD5,CDKN1B,DCN,CYP39A1
CLU,CD53,CDON,DCT,CYP8B1
CLYBL,CD6,CDS1,DDC,CYSLTR2
CMBL,CD63,CEACAM16,DDX43,CYYR1
NAT8B,CD68,CELF3,DDX59,LURAP1L
CNN1,CD7,CELF4,DENND2A,DAB2
CNN3,CD72,CELF5,DERL3,DAPL1
CNTD1,CD74,CELSR2,GSDME,DCBLD1
CNTFR,CD79B,CELSR3,DGAT1,DDI2
COL4A5,CD80,CEND1,DHCR24,DDX10
COPRS,CD83,CENPC,DHRS13,DDX58
CORO2B,CD84,CEP104,DICER1,DEF6
COX10,CD86,CEP120,DLG1,DEGS2
CPE,CD8B,CEP170,DLGAP5,DENND2C
CPM,CD99L2,CGGBP1,DLK2,DENND3
CPT1A,CDCA4,CGN,DLL1,DENND5B
CPT2,CDH23,CGREF1,DMRTA1,DERA
CRB2,CDK6,CHAC1,DNAH10,DES
CREB3L4,CDS1,CHAF1B,DNAH5,DGKA
CROT,CDT1,CHAMP1,DNAH7,DGKH
CRTC3,CEACAM1,CHAT,DNAI2,DHX40
CRYM,CEBPA,CHCHD10,DNAJA4,DLC1
CSDC2,CEBPB,CHD3,DNAJB2,DLL4
CSGALNACT1,CEP250,CHD5,DNM1,DMGDH
CSPP1,CERK,CHD6,DNM3,DNAH6
CSRP1,CFH,CHD7,DOCK3,DNAJC10
CST3,CFP,CHD8,DOCK5,DNAJC2
CTBP2,CH25H,CHD9,DOCK6,DNASE1L1
CTDSPL,CHMP1B,CHN1,DOCK9,DNMT3B
CTH,CHST12,CHODL,DOHH,DOK4
CTNNBIP1,CHST7,CHRM3,DPH5,DPP4
CTNND2,CIB1,CHRM4,DPP10,DRAM2
CUL7,CILP2,CHRM5,DPP6,DTX3L
CWC22,CKM,CHRNA3,DPYD,DUSP22
CWF19L2,CLCF1,CHRNA7,DSCC1,DUSP23
CYBRD1,CLCN5,CHRNB2,DTD1,DUSP6
CYP1B1,CLEC10A,CHRNB4,DUSP15,DYSF
CYP4F12,CLEC12A,CIB2,DUSP9,E2F7
CYP4F8,ZNF705A,CIDEA,DYNC2LI1,EBF1
CYP7B1,CLEC4A,CILP,DYNLL2,ECE1
CCN1,CLEC4D,CIRBP,E2F8,ECM1
ZNF267,CLEC4E,CIT,ECT2,ECM2
DAAM2,CLEC6A,CITED2,EDA2R,ECSCR
DAG1,CLEC5A,CKMT1B,EEF1A2,EDN3
DAGLA,CLEC7A,CLCN1,EFCAB1,EEF1A1
DBI,CLN3,TMEM114,EFEMP1,EFNA1
DBX2,CLN5,CLDN3,EFHD1,EGFL7
DCLK1,CLN8,CLK4,EFNB3,EGFL8
DCLK2,CLTA,CLRN1,EFR3B,EGFLAM
DCTN1,CMKLR1,CLSTN1,EFS,EHD2
DDB2,CMTM3,CLSTN2,EHD3,EIF3E
DDHD1,CMTM6,CLSTN3,EIF1B,EIF3H
DDIT4L,CNDP2,CLVS1,ELFN2,EIF3M
DDO,CNPY3,CLVS2,ELOVL4,ELF1
DDR2,COL27A1,CMSS1,ELOVL6,ELK3
DDT,CERT1,CNFN,EME1,ELK4
DECR1,COL6A3,CNGA3,EMID1,ADGRL4
DENND4C,COLGALT1,CNIH2,COL26A1,EMCN
DGKB,COMMD5,CNIH3,EMILIN3,EMP1
DHCR7,COMP,CNKSR2,EML1,ENDOU
DHRS1,COMT,CNNM1,ENDOD1,ENG
DHRS4,COMTD1,CNR1,ENO2,ENOX2
DHTKD1,CORO1A,CNRIP1,ENPP2,ENPEP
DHX32,CORO2A,CNST,ENPP6,EPAS1
DIO2,COTL1,CNTN2,EPB41,EPHB4
DLG5,COX6A2,CNTN3,EPB41L1,EPOR
DLGAP1,CPN1,CNTN5,EPB41L3,EPS8L2
DLK1,CPQ,CNTNAP1,EPCAM,ERG
DMD,CRADD,CNTNAP2,EPN2,ERICH1
DMP1,CREG1,CNTNAP3,SELENOI,ESAM
DNAI1,CRIP1,CNTNAP4,ERMN,ESM1
DNAJC25,CRY1,CNTNAP5,ETNK2,ESYT1
DNALI1,CRYBA4,COCH,ETV1,ESYT2
DOCK1,CRYBB1,COL19A1,EXO1,KIAA1217
DPF3,CRYL1,COL23A1,EXOG,ETS1
DPY19L3,CSF1,COL24A1,EXTL1,ETS2
DRP2,CSF1R,COL25A1,EXTL2,EXOC3L1
DTNA,CSF2,COL6A2,FA2H,EXOC5
DYNC2H1,CSF2RB,CORT,FAH,EXOC6
DYNLRB2,CSF3R,COX7A1,FAM114A1,F2R
DZIP1L,CSK,CPEB1,FAM122A,F2RL1
ECH1,CST3,CPEB3,FAM149A,F2RL3
ECHDC1,CST7,CPLX1,FAM163A,F5
ECHDC2,CSTB,CPLX2,FAM169A,UBALD2
ECHDC3,CTBS,CPNE4,FAM178B,RFLNA
ECI2,CTDNEP1,CPNE5,FAM180A,RFLNB
EDIL3,CTLA4,CPNE6,INSYN2B,FAM111A
EDNRB,CTNS,CPNE7,TAFA4,TCAF2
EEA1,CTSA,CPNE9,CALHM5,FAM124B
EEPD1,CTSB,CRABP1,FAM3C,NIBAN1
EFHD1,CTSD,CRABP2,TLCD3A,FAM162B
EFNA4,CTSE,CRH,CCNQ,EVA1B
EGF,CTSF,CRHBP,BRINP3,GASK1B
EGFL6,CTSH,CRHR2,MINDY1,PIEZO2
EGFR,CTSV,CRMP1,TMEM255A,FAM43A
EHBP1,CTSS,CSNK1E,TMEM255B,NXPE2
EHHADH,CTSZ,CSRNP2,MIGA1,RIPOR1
EIF4G3,CX3CR1,CTCF,FAM89A,FAM71A
ELMO2,CXCL10,CTIF,FANCA,FAM71F2
ELMO3,CXCL3,CTXN2,FANCD2,EEF2KMT
ELOVL2,CXCR3,CX3CL1,FAR1,FAP
ELOVL5,CXCR5,CXCL12,FBLN7,FAR2
EMP2,CYB5R1,CXXC4,FBN1,FBLN5
ENKUR,CYBA,CYB561,FBXO17,FBXL12
ENTPD2,CYB561A3,CYGB,FBXO36,FBXL8
EPB41L5,CYBB,CYP2S1,FBXO7,FCHO2
EPHB3,CYFIP1,CYP46A1,FCHSD2,FEM1C
EPHX2,CYP4F2,CYP4B1,FEM1B,FERMT2
ERBB2,CYTH4,CYP4X1,FEZ1,FGD5
ERBIN,CYTIP,NREP,FGF22,FGFBP1
ETAA1,PHF11,ARFGEF3,FHL2,FGFR4
ETFA,LDLRAD4,PLPPR4,FIGNL1,FILIP1
ETFDH,M1AP,DAB2IP,FKBP1A,FILIP1L
EVC,C19orf53,DACH1,FMNL2,FKBP10
EVC2,PRAG1,DACT1,FNTA,FKBP7
EVI5,DAGLB,DAPK1,FNTB,FKBPL
EXD1,DCXR,ACKR1,FOXM1,FLI1
EZR,INTS6L,DAXX,FRMD4A,FLNA
F3,DDX31,DBN1,FRMD5,FLNB
FABP5,DENND1C,DBNDD1,FRMD7,FLRT2
FABP7,DENND4B,DCAF7,FRYL,FLT1
FADS2,DEPDC7,DCK,FSD1,FLT4
FAM117A,DGKD,DCP1A,FYN,FN1
FAM135A,DGKZ,DCX,G0S2,FOXC1
FAM13C,DHDH,DEPTOR,GAB1,FOXF1
FAM168A,DHRS3,DGKE,GAB2,FOXF2
FAM171B,DHX34,DGKG,GABRA3,FREM1
FAM181A,DHX58,DGKK,GALE,FRK
FAM181B,DMXL1,DHX57,GALNT10,FRMD4B
FAM184A,DNAJB13,DIABLO,GALNT13,FUT4
MCRIP2,DNAJC1,DIRAS1,GALNT3,TIMM10B
GASK1A,DNASE1L3,DIRAS2,GALNT6,FXYD5
FAM20A,DNASE2,DISP2,GALNT16,FZD4
PRXL2A,DNM2,DKKL1,GAMT,FZD6
NXPE4,DOCK2,DLG2,GAP43,G6PC
GAREM1,DOCK8,DLG3,GAS2,GABPB1
GAREM2,DOK1,DLGAP2,GBP6,GADD45A
FAM76B,DOK2,DLX1,GFOD1,GALNT15
FAM83B,DOK3,DLX2,GFOD2,GALNT18
FARS2,DPP7,DLX5,GFRA1,GATA2
FAT1,DQX1,DLX6,GFRA2,GATA3
FBP2,DTNBP1,DMRT3,GGCT,GBE1
FBXL21P,DTX4,DMRTA2,GJB1,GBP2
FBXO2,DUOXA1,DMXL2,GLRA4,GBP6
FDFT1,DUPD1,DNAH1,GLRB,GBP5
FGA,DUSP1,DNAJB6,GLTP,GCHFR
FGD4,DUSP13,DNAJC27,NOP53,GCNT2
FGD6,DUSP2,DNAJC6,GMDS,MYZAP
FGF1,DUSP27,DNAJC9,GNA12,GDPD3
FGF2,DUSP5,DNER,GNAT1,GIMAP1
FGFBP3,DVL2,DNM1,GNB4,GIMAP4
FGFR1,DYRK2,DNMT3A,GNE,GIMAP1-GIMAP5
CEP43,DYRK4,DOC2A,GNG12,GIMAP6
FGFR3,E2F2,DOC2B,GNG13,GIMAP8
FHL1,RNASE2,DPYSL3,GNG8,GIPC3
FICD,EBI3,DPYSL5,GNPTAB,GJA4
VEGFD,EDEM1,DRD1,GNPTG,GJA5
FJX1,EDEM2,DRD2,GP1BB,GJC1
FKBP9,EEF2K,DRD5,GPATCH11,GLIPR2
FLNC,EFHD2,DSG1,GPC1,GLYATL3
FLOT2,EFR3A,DSP,GPR158,GMNN
FMN2,EGR2,DUSP14,GPR17,GNG11
FMO1,EGR3,DUSP8,GPR37,GNG5
FMO4,EHD1,DUT,GPR62,GOLIM4
FNDC5,EHD4,DYNC1I1,GPR75,GPCPD1
FOS,EID3,DZANK1,GPRC5B,ADGRF5
FOSB,EIF4EBP1,EBF2,GRB14,ADGRA2
FOXR2,ELF4,EBF3,GRHPR,ADGRG6
FOXRED1,ELMO1,ECEL1,GRIA3,GPR143
FRAS1,EML3,EEF1A2,GRIK3,SLC52A2
FREM2,EMP3,EFCAB6,GRIK4,GPER1
FRMPD1,ADGRE1,MICU3,GRIN3A,GPR4
CMTR2,ENGASE,EFHC2,GRXCR2,ADGRG3
FUT9,ENO3,EFNA3,PPP1R17,GPRC5A
FXYD1,ENPP4,EFNA5,GSN,TAMALIN
FZD10,ENTPD1,EHBP1,GSS,GRB10
FZD2,EPDR1,EHMT1,GSTP1,GRB7
GABBR1,EPN1,EHMT2,GSX1,GRK5
GABBR2,EPSTI1,EIF2AK3,GSX2,GRP
GABPB2,EPX,EIF4ENIF1,GTF2H4,FAM110D
GABRA4,ERAP1,ELAVL2,GUCY2F,GSTM1
GABRB1,ERMAP,ELAVL4,HAPLN2,GSTT2
GABRG1,ERP29,ELF2,HCN2,GTF2E2
GADD45G,ESR1,ELMOD1,HEATR3,GYPC
GALNT4,ETV3,EMC9,HHATL,HLA-A
GAS1,EVL,EML5,HIF1AN,HAUS1
GCDH,F11R,EMSY,HIP1,HBP1
GCNT4,F13A1,EMX2,HIP1R,HDAC7
GCSH,F9,ENO2,H2AC16,HEG1
GDPD2,FCMR,ENOX1,H2BC10,HEPH
GFAP,OTULINL,ENTPD3,H2BC6,HHEX
GJA1,OTULIN,EOMES,H2BC17,HIC1
GJB6,FAM110A,EP400,H4C6,HIGD1B
GLB1L,FAM167B,EPB41L4B,H4C9,H2AC4
GLDC,EVA1A,DMTN,H4-16,H3C13
GLI1,CALHM6,EPC2,H2AC18,HMCN1
GLI2,FAM3A,EPHA10,H2AC20,HMG20B
GLI3,TENT5B,EPHA3,HOXD1,HMGCS2
GLIS3,TENT5C,EPHA6,HPCAL4,HOPX
GLUD1,CYRIB,EPHA7,HR,HPRT1
GLUL,FAM76B,EPHA8,PLAAT1,HSD3B7
GNAO1,FAM78A,EPHB2,HS3ST1,HSF4
GOLGB1,FAM83G,EPHB6,HSPA12A,HSPA12B
GPAM,FBLIM1,EPM2AIP1,HTR5A,HSPB1
GPATCH2,FBRS,ERC2,HYPK,HSPB8
GPC4,FBXW4,ERI1,IBSP,HSPG2
GPD2,FCER1G,ERO1B,CILK1,HTRA3
GPM6A,FCGR1A,ESRRG,IFFO1,HYAL2
GPM6B,FCGR2B,EXOSC4,IFIT2,ICAM2
GPR156,FCGR2A,EYA2,IGF2,IFI44
GPR179,FCGR3A,EZH2,IGF2BP2,IFIH1
GPR19,FCGRT,RAMAC,IGSF8,IFITM2
GPR3,FCRL1,TCAF1,IGSF9B,IFITM3
GPR37L1,FERMT3,FAM117B,IL17D,LMNTD1
PTGDR2,FES,FAM120B,IL17RB,IFNAR1
ADGRG1,FEZ2,AMER3,IL1RAP,IGBP1
GPR63,FGD2,FAM131A,IMP4,IGF1R
GPRC5D,FGR,C1QTNF12,INF2,IGFBP1
GPT,FHL3,ALKAL2,INHBC,IGFBP7
GPX8,FIGNL2,SHISAL2B,INPP5B,IGSF5
GRAMD4,FKBP5,FAM163B,INPPL1,IL13RA1
GREB1,FLCN,ZC2HC1A,INSC,IL15
GRHL1,FMNL3,FAM171A2,IQCJ,IL17RC
GRIN2C,FNDC7,FAM185A,IRS2,IL17RE
GRM5,FNIP2,FAM189B,ISG20,IL1R1
GSG1L,FOLR2,INSYN2A,ITGA8,IL27RA
GSTK1,FOXP4,TLCD3B,ITGAD,IL2RG
GSTM5,FPR1,RIPOR2,ITGAV,IL3RA
GSTM3,FRRS1,FAM71E1,ITGB4,IL6
GSTZ1,FSCN1,FAM78B,ITGB7,IMPDH1
GUCY1A1,FTL,FAM89B,ITIH2,INSL3
GULP1,FUCA1,FANK1,ITIH5,INSR
LARGE2,FURIN,FASTKD5,ITPR2,IPMK
GYS1,FYB1,FAT2,JAM3,IQCG
HACL1,GAB2,FAT3,JMY,IQGAP1
HADH,GABRD,FBXL16,JOSD2,IRF7
HADHA,GADD45B,FBXL19,KANK1,IRF9
HAPLN1,GAL3ST4,FBXL2,KATNAL1,IRX3
HECTD2,GALK2,FBXO30,KAZN,ISM1
HEPACAM,GALM,FBXO41,KCND2,ISYNA1
HERC6,GALNS,FCHSD1,KCNH8,ITGA1
HES5,GALNT12,FGF13,KCNIP3,ITGA2B
HEY2,GAS6,FIBCD1,KCNJ16,ITGA4
HHIPL1,GATM,FIBIN,KCNK1,ITGB1
HIF3A,GBA,FKBP11,KCNK10,ITGB3BP
H3C4,GBGT1,FKBP1B,KCNMB4,ITM2A
H3C11,GBP7,FKBP3,KCTD13,ITPR1
HMGCR,GCN1,FLRT3,KCTD15,ITPRIP
HOGA1,GCNT1,FLYWCH1,KHDRBS2,ITSN2
RIDA,GDA,FLYWCH2,KIF13A,JAG1
HS3ST3A1,GDF15,FMN1,KIF13B,JAG2
HS3ST3B1,GDPGP1,FNBP4,KIF18B,JAK2
HSD11B1,GGA2,FNDC3B,KIF19,AJUBA
HSPA2,GGH,FOXG1,KIF2C,KANK3
HTRA1,GGT5,FOXJ3,KIF5A,KANK4
HYAL1,GIMAP1-GIMAP5,FOXK2,KIFC1,KCNA5
ID3,GIT2,FOXO3,KL,KCNE3
ID4,GLA,FOXO6,KLC3,KCNG2
IDI1,GLB1L,FRAT1,KLHDC4,KCNJ14
IFT122,GLIPR1,FRMPD3,KLHL13,KCNJ15
IFT140,GLS,FRMPD4,KLK6,KCNJ2
IGDCC4,GLUL,FSIP1,KNDC1,KCNJ8
IGF2BP3,CSTA,FSTL4,KNTC1,KCNK5
IGFBP2,GMFG,FUT7,KRT1,KCNMB1
IGFBP5,GMIP,FXYD7,KRT17,KCNQ1
IGSF1,GMPR,GABRA1,AFG1L,KCNRG
IKBIP,GNA15,GABRA5,LAD1,KCP
IL15RA,GNGT2,GABRB2,LARP6,KCTD10
IL17RD,GNPDA1,GABRG2,LBH,KDR
IL18,GNS,GABRG3,DENND11,KIF26A
IL33,GOLM1,GAD1,LCORL,KITLG
IL6ST,LILRB4,GAD2,LDB3,KLF11
IMMT,GP9,GALNTL6,LDLR,KLRG1
IMPA2,GPAT2,GALR1,P3H4,KTI12
IMPG2,GPATCH3,GALR2,LGI3,LALBA
INCA1,GPNMB,GAP43,LGR5,LAMA1
INO80D,ADGRG5,GARNL3,LHFPL3,LAMA4
INPP5J,GPR132,CASTOR2,LIG1,LAMA5
INSIG1,GPR137B,GBX2,LIMS2,LAMB1
INTU,GPR157,GCA,LINGO3,LAMB2
IQCD,GPR18,GCGR,LLPH,LAMC1
IQCK,GPR183,GDA,LMCD1,LBP
IQUB,GPR34,GDAP1,LMNB1,LDHA
IRS1,GPR35,GDF5,LMO1,LDLRAD3
IRS2,GPR65,GDI1,LNX1,LEF1
ITGA2,C5AR2,GDNF,LOX,LEPR
ITGA6,GPR84,GDPD1,LPAR3,LIMS1
ITGA7,GPSM3,GEMIN7,ADGRL3,LIPC
ITIH3,GPX1,GFRA4,LPO,LIPT2
ITIH5,GRAMD1A,GHSR,LRFN2,LMBR1
ITM2C,GRB2,GIPC2,LRRC17,LMO2
ITPKB,GRN,GIPR,LRRC42,LNX2
ITSN1,GSDMD,GJD2,LRRC4C,LOXL2
IVD,GSG1,GLB1L2,LRRC8B,LPAR6
IYD,GUCA1A,GLCE,LRRN1,ADGRL2
JAK1,GUSB,GLIS1,LRRN3,LRP8
JAM2,HLA-DQA1,GLOD5,LRRTM1,LRRC18
JUN,HLA-A,GLRA2,LRRTM3,LRRC32
KALRN,HLA-DMB,GLRA3,LRRTM4,LRRC55
KANK2,HLA-DRA,GNAQ,LSAMP,LRRC8C
KBTBD11,HLA-DRB5,GNAZ,LTK,NAA38
KCNC4,HLA-DOA,GNG2,LUM,LSR
KCNE5,HLA-DOB,GNG3,LYPD1,LTA4H
KCNJ10,H6PD,GNL3L,LYPD3,LTBP4
C5orf15,HAAO,GNRH1,LYPD6,LUZP1
KCTD14,HAVCR2,GOLGA7B,MACROD2,LY75
KCTD5,HCK,GPC1,MAFA,LYPLA1
KDM5D,HCLS1,GPR101,MAG,LYSMD3
KIDINS220,HCST,GPR12,MAGEH1,LZTS1
KIF18A,HDC,ADGRA1,MAGI2,MAGIX
KIF1B,HEATR5A,GPR135,MAL,MALL
KIF1C,MROH1,GPR139,MAP1A,MALT1
KIF24,HEBP1,GPR149,MAP1LC3B,MAMSTR
KIRREL2,HERPUD1,GPR151,MAPK8IP1,MAN2A1
KLF15,HEXA,GPR173,MAPKAP1,MANSC1
KLF4,HEXB,GPR22,MAPT,MAOA
KLHDC8B,HFE,GPR52,MARVELD3,MAP4K2
KLHL25,HGSNAT,GPR6,MATN1,MAPK12
KRTAP7-1,HK2,GPR61,MATN2,MARVELD1
L2HGDH,HK3,ADGRG2,MATN4,MARVELD2
L3HYPDH,HLTF,GPR83,MB21D2,MBD2
L3MBTL3,HMGA1,GPR88,MBNL2,MECOM
LAMA2,ARHGAP45,GPRASP1,MBP,MEF2A
LATS1,HMOX1,GPRIN1,MC4R,MEGF6
LCA5,HP,GPRIN3,MC5R,MEOX1
LCAT,HPGD,GPSM1,MCF2,TLNRD1
LCLAT1,HPGDS,GRAMD1A,MCM10,MFSD2A
LDOC1,HPN,GRAMD1B,MCM5,MFSD6L
LENG8,HPRT1,GREB1L,MCM6,FLVCR2
P3H1,HPS4,GREM2,MDK,MGP
LGALS12,HPS6,GRIA1,MDM1,MGST2
LGALS4,HPSE,GRID2IP,ME3,MICB
LGALSL,HRH2,GRIN1,MEGF11,MIPOL1
LGI4,HS1BP3,GRIN2A,MICAL3,MRTFB
LGR4,HS6ST1,GRIN2B,MICALL1,MLKL
LGR6,HSD17B1,GRIN2D,MIF4GD,AFDN
LHCGR,HSF2BP,GRIP2,MINK1,MMP25
LHFPL6,HSPA1A,GRM1,MKX,MMP28
LIFR,HSPA1L,GRM7,MMP16,MMRN1
LIMCH1,HSPB3,GRM8,MMP17,MMRN2
LIMD1,HTATIP2,GRPR,MMP23B,MOGAT2
LINGO1,HTRA2,GSC,MOBP,MOSPD1
LIPG,HVCN1,GSE1,MOG,MPP1
LIPT1,ICAM1,GTF2E1,ATP5MPL,MPP7
LIX1,ICOS,GUCY1A2,MPZ,MPRIP
LONRF3,ICOSLG,GXYLT2,MRGPRF,MSRB3
LOXL1,ID2,H1-10,MRPS18B,MSX1
LPIN3,IDH2,HAS3,MSC,MTFR1
LPP,IDS,HAUS3,MTAP,MTMR6
LRCH3,IDUA,HCN4,MAP4,MTUS1
LRIG1,IER3,HCRTR2,MTMR7,MUC13
LRP4,IER5,HDGFL3,MYBL1,MUSTN1
CARMIL1,IFI35,HDX,MYBPC1,MYCT1
LRRC23,IFNB1,MROH7,MYCL,MYH10
LRRC38,IFNGR1,HECW1,MYLK3,MYL4
LRRC52,IGF2BP3,HELLS,MYO1D,MYL6
LRRC8A,IGSF6,HEXIM2,MYRF,MYL9
LRRK2,IKZF1,HFM1,MYT1,MYLK
LRTM2,IL10,HIRIP3,NAP1L5,MYLPF
LTBP1,IL10RA,HMG20A,NAV2,MYO1B
LXN,IL16,JPT1,NCALD,MYO1E
MAGT1,IL17RA,HOMER2,NCAM2,MYOF
MAMDC2,IL1A,HOOK1,NCEH1,N4BP3
MAMDC4,IL1B,HOOK2,NDRG1,NAALAD2
MAOB,IL1R2,HP,NECAB2,NAMPT
MAP2,IL1RL1,HPCA,NEFH,NCAPH
MAP4,IL1RL2,HRH3,NEFL,NCK1
MAPK4,IL1RN,HS3ST5,NELL2,NDUFA4L2
MTARC2,IL21R,HS3ST6,NEO1,NET1
MASP2,IL27,HS6ST3,NEU4,NID1
MAST4,IL2RB,HSPA12A,NEUROG2,NID2
MAVS,IL4I1,HTR1A,NFASC,NLRC3
MBOAT2,IL4R,HTR1B,SAPCD1,NME2
MCC,IL6R,HTR1D,NGB,NMI
MCEE,ILDR1,HTR1F,NHSL2,NOD1
MDM4,INPP4B,HTR2C,NINJ2,NODAL
MDN1,INPP5D,HTR3A,NKAIN1,NOMO1
MED12,IP6K3,HTR7,NKX2-2,NOS2
MED12L,IRAK2,HYLS1,NKX2-8,NOS3
MED7,IRAK4,ICA1L,NLGN3,NOSTRIN
MEGF10,IRF1,IDS,NMNAT2,NOTCH4
MFAP3L,IRF4,IGF1,NMRAL1,NOTUM
MFGE8,IRF5,IGF2BP2,NOB1,NOX4
MGA,IRF8,IGF2R,NOL3,NOXO1
MICAL1,ACOD1,IGFBPL1,NPSR1,NPR1
MICALL2,ISCU,IGSF3,NPTX2,NPR3
MID1IP1,ISG15,IGSF8,NRDC,NR1H3
MIER3,ITGA6,IGSF9,NRG2,NRBP1
MINK1,ITGAE,IL12A,NRTN,NRIP1
MKS1,ITGAL,IL1RAPL2,NTN1,NRP1
MLC1,ITGAM,INA,NUDT17,NSA2
KMT2C,ITGAX,INCENP,NUDT18,NSMCE1
MMAB,ITGB2,ING1,NUDT8,NT5DC1
MMD2,ITGB3,INHA,NUF2,NUBPL
MORC3,ITGB5,INPP5F,NUP210,NUDT14
MPC1,ITPKC,INPP5J,NXPH1,NUP37
MPDZ,ITPR3,INSL5,ODF3L2,NXN
MPP5,ITPRIPL1,INSM1,OLFM2,OAS1
MPP6,JAK3,INSM2,OLIG1,OCLN
MRAS,JDP2,INSRR,OLIG2,ODC1
MSI2,JUNB,IPCEF1,OMP,ODF3B
MSX2,KCNAB1,IQCB1,OPCML,OFD1
MAP7D3,KCNK12,IQSEC3,OSBPL6,OGN
MTERF1,KCNK6,IRS1,OTUD7B,OSBPL9
MTERF4,KCNN4,IRX2,PACS2,OSMR
MTHFD1,KCTD12,ISL1,PALM2AKAP2,OSTC
TESMIN,KDM6B,ISLR,PANK3,P2RY14
MTM1,KHK,ISLR2,PAPSS1,PAK1IP1
MTMR11,KIF15,NMRK2,PARVB,PALMD
MTX3,KLHDC8B,ITGBL1,PBK,PAPLN
MMUT,KLHL36,ITPKA,PCBD1,PAQR5
MYH11,KLHL38,JAKMIP1,PCBP4,PARD6G
MYH14,KLRB1,JPH4,PCDH15,PARP9
MYH15,KLRD1,KALRN,PCDH20,PAWR
MYH6,KRT31,KAT5,PCDH7,PCDH1
MYLK2,LACC1,KAZALD1,PCMTD2,PCDH12
MYO10,LACTB2,KCNA4,PCNX3,PCDH19
MYO19,LAG3,KCNB2,PCOLCE,PCDHGB3
MYO6,LAIR1,KCNC1,PCP4,PDCD10
MYOM3,LAMP2,KCNC2,PCSK1N,PDE2A
MYRIP,LAPTM5,KCNG1,PCYT2,PDE5A
NAA16,LASP1,KCNG3,PDCD4,PDE7B
NACC2,LAT,KCNH1,PDE4B,PDGFD
NADK,LAT2,KCNH4,PDGFRA,PDIA5
NADK2,LBX1,KCNH7,PDLIM2,PEAR1
NAPRT,LBX2,KCNIP2,PDZRN4,PECAM1
NAT8,LCN2,KCNIP4,PELI1,PGLYRP1
NCAM1,LCP1,KCNJ11,CPQ,PGM1
NCAN,LCP2,KCNJ3,PHF12,PGM5
NCKAP5,LDB1,KCNJ5,PHF6,PHACTR2
NDE1,LDHB,KCNK9,PHLDA3,PHACTR4
NDP,LEFTY1,KCNMB2,PHLDB1,PHF7
NDRG2,P3H2,KCNQ2,PHOSPHO1,PHLDB2
NEK8,LFNG,KCNQ5,PID1,PIK3R6
NEXN,LGALS1,KCNS1,PIGQ,PIP5K1A
NFXL1,LGALS3,KCNS2,PIGZ,PIP5K1B
NGEF,LGALS3BP,KCNT1,PIK3R3,PIR
NHSL1,LGALS8,KCTD15,PINK1,PKN3
NIPAL1,LGALS9B,KCTD8,PKD2L1,PLA1A
NLRX1,LGMN,KDM2B,PKIA,PLA2G2F
NMB,LIF,KDM4A,PLAAT3,PLEKHG5
NME7,LILRA5,KDM4B,PLCB1,PLEKHH2
NOTCH1,LILRB3,KDM5A,PLEKHA1,PLK2
NOTCH2,LIMD2,KDM5B,PLEKHB1,PLP2
NOTCH3,LIMK1,KHDC4,PLEKHH1,PLS3
NPAS2,LIPA,KIAA1109,PLEKHM1,PLTP
NPAS3,LIPH,KIF11,PLEKHN1,PLVAP
NPFF,LITAF,KIF17,PLIN3,PLXND1
NPHP3,LPAR5,KIF21B,PLK1,PNPLA6
NPHS1,LPCAT2,KIF22,PLOD2,PNRC2
NPS,LPCAT3,KIF4A,PLP1,POLK
NQO1,LPXN,KIF5C,PLXNB3,POLR2K
NR1D1,LRCH1,KIFC2,PNLIP,POMC
NR2E1,LRCH4,KIFC1,PODN,POMP
NR2F1,IRAG2,KISS1R,POLG,POP5
NR3C2,LRP5,KIT,PLPP4,POU2AF1
NR4A1,LRRC25,KLC2,PPFIA3,PLPP6
NR4A2,LRRC3,KLF12,PPFIBP1,PPEF1
NR4A3,NRROS,KLF8,PPFIBP2,PPIC
NRARP,LRRC39,KLHDC8A,PPM1E,PPM1J
NRCAM,LRRFIP1,KLHL1,PPP1R14C,PPP1R13B
NRXN1,LRRK1,KLHL12,PPP1R16B,PPP1R2
NSDHL,LRWD1,KLHL14,PPP2R3A,SLC66A2
NTRK3,LSM10,KLHL29,PPP3R2,PRAMEF8
NTSR2,LSM5,KLHL33,PPP4R4,PRCP
NUDT12,LSP1,KLHL34,DESI1,PREP
NUDT19,LTB,KMT2A,PRC1,PREX2
NUDT2,LTB4R,KMT2B,PRELP,PRICKLE3
NUDT7,LTC4S,KRT73,PREPL,CAVIN3
NUP93,LTF,KRT79,PRICKLE1,PRKCH
NVL,LY6D,KSR1,PRIM1,PRKD2
NWD1,LY86,KSR2,PRIM2,PRND
OAT,LY9,L1CAM,PRKCB,PROCR
ODF2L,LYL1,L3MBTL1,PRKCQ,PROM1
ODF3,LYN,L3MBTL4,PRKG1,PROP1
TENM3,LYVE1,LAMA3,PRKG2,PRRG2
OLFML1,LYZ,CERS6,PROKR1,PSMA8
OPLAH,MAFB,LEFTY2,PRPH,PSMC3IP
OPTC,MAN1C1,LGALS7,PRR11,PSORS1C2
OSR2,MAN2B1,LGI2,PRR18,PTGES
OTX1,MAN2B2,LHFPL1,PRR5L,PTGFRN
OVOL1,MANBA,LHFPL4,PRSS41,PTGIS
OXA1L,MAP2K3,LHFPL5,PRSS50,PTGS2
P2RX6,MAP3K14,LHX1,PSIP1,PTPN12
P4HA2,MAPK13,LHX5,PSRC1,PTPRB
P4HA3,MAPK14,LHX6,PTER,PTPRG
PABPC4L,MAPKAPK2,LHX8,PTGER2,PTPRK
PACSIN3,MAPKAPK3,LHX9,PTK7,PTPRM
PALLD,MATK,LIG1,PTOV1,CAVIN1
PAMR1,MBNL1,LIMK2,PTPDC1,RAB11FIP1
PAPSS2,MCOLN2,LIN28B,PTPRO,RAB12
PAQR4,MED11,LINGO2,PUS7,RAB13
PAQR6,MEF2C,LMNA,PUS7L,RAB42
PAQR7,METTL7A,LMTK3,PVALB,RAB29
PAQR8,MFSD11,LMX1A,PYCR1,RAD51AP1
PARD3B,MFSD5,LONRF1,QDPR,RAD51B
PARP12,MGAT1,LONRF2,QPCT,RAI14
PARP3,MGAT2,LPGAT1,R3HDM1,RALY
PARVA,MGMT,ADGRL1,RAB27B,RAP1B
PAX4,MKNK1,LRCH2,RAB33A,RAPGEF5
PBXIP1,MKNK2,PIDD1,RAB37,RAPGEF6
PCDH10,MLEC,LRFN5,RAB39B,RASD1
PCDHGC5,MLLT6,LRIG3,RAB4A,RASGRP3
PCSK9,MLPH,CARMIL3,RABGAP1L,RASIP1
PC,MLXIPL,LRRC24,RAC3,RASSF1
PDE1B,MMP12,LRRC26,RACGAP1,RASSF3
PDE3A,MMP19,LRRC3B,RAD51,RASSF9
PDE9A,MMP9,LRRN4CL,RAD54L,RBMS2
PDGFC,MNT,LSM11,RALGPS1,RBP1
PDGFRB,MOB1A,LSM14B,RAP1GAP,RBP7
PDK4,MOB3C,LUC7L,RAP1GAP2,RBPMS
PDLIM4,MOGS,LY6G6C,RAP2A,RD3
PDLIM5,MORC3,LY6H,RAPGEF1,RDM1
PDP2,MOV10,LYPD6B,RAPGEF4,REC8
PDPN,MPEG1,LYRM7,RASGRF1,REM1
PDSS1,MPI,MAB21L3,RASL12,RET
PDYN,MPO,MADD,RCN1,RGL1
PDZD11,MRC1,MAGEE1,RECQL,RGS12
PDZRN3,MRGPRX3,MAGEL2,RFC3,RGS3
PEAK1,MS4A6A,MAL2,RFTN1,RGS5
PER3,MS4A7,MAML3,RGS6,RHOBTB1
PEX2,MSH5,MAP3K12,RHBDL2,RHOD
PFKM,MSN,MAP3K15,RHOU,RHOJ
JADE1,MSR1,MAP3K4,RHPN2,RIPK1
PHF21B,MAP1S,MAP3K9,RICTOR,RIPPLY3
PHGDH,MTHFR,MAP4K3,RIMBP3,RMND5B
PHKA1,MTHFS,MAP9,RIPPLY2,RNF144B
PHKB,MTR,MAPK8,RLBP1,RNF183
PHKG1,MVP,MAPK8IP2,RND2,RNF19A
PHYHIPL,MXRA8,MAPK9,RNF122,ROBO4
PIGM,MYADML2,MAPT,RNF128,ROCK2
PIKFYVE,MYBPC3,MARCHF11,OBI1,PTBP3
PIPOX,MYBPH,MARCHF4,RNF220,RPAP3
PKD2,MYC,MARK1,RNF43,RPF1
PKDREJ,MYD88,MAST1,RNF7,RPH3AL
PKP2,MYH9,MBLAC2,ROCK1,RPL17
PLA2G3,MYL2,MCHR1,ROGDI,RPL23
PLA2G5,MYLIP,MCTP1,RPRM,RPL27
PLA2G7,MYO18B,MCTP2,RRAS2,RPL31
PLAGL1,MYO1F,MDGA1,RRM1,RPL35
PLCB3,MYO1G,MECP2,RRM2,RPL37
PLCD4,MYO7A,MED10,RSAD2,RPL38
PLCH1,MYOM1,MED14,RTKN,RPL4
PLD2,N4BP2L1,MEI4,RUNX2,RPS18
PLEC,NAAA,MESP2,RXRG,RPS24
PLOD2,NAB2,MET,RYR3,RPS27L
PLS1,NAGA,MEX3A,S100A1,RPS6KA3
PLSCR1,NAGK,MEX3D,S100A13,RPS7
PLXNB1,NAGLU,MGAT4C,S100A14,RPSA
PLXNC1,NAGPA,MGAT5,S100A16,RRAS
PM20D1,NAIP,MGST3,S100A3,RTP4
PMM1,NAPSA,MIA,S100A4,RXFP4
POLR3G,NAT1,MICAL2,S1PR5,SAMD9L
POMT1,NAT9,MINPP1,SAMD4B,SAV1
PON2,NBEAL2,MKI67,SAPCD2,SCARB1
POU2F1,NCF1,MKRN3,SCD,SCARF1
PLPP3,NCF2,MLF1,SCEL,SCGB3A1
PPARA,NCF4,MLLT11,SCFD2,SDCBP
PPFIA1,NCKAP1L,MME,SCN1A,SDCBP2
PPIL6,NCKAP5L,MMP11,SCRG1,CAVIN2
PPP1R12A,NCOA3,MMP24,SDC3,SEC61B
PPP1R1A,NDST2,MN1,SDR42E1,SEC61G
PPP1R3C,NECAP2,MND1,SECISBP2L,SECTM1
PPP1R3G,NEK6,MOAP1,SEMA3E,SELE
PPP2R2B,NEK7,MORC2,SEMA4D,SELP
PPP2R3A,NEURL1,MPPED1,SEMA4F,SEMA3G
PPP2R5A,NEURL3,MPPED2,SEMA5A,SEMA4C
PPWD1,NFAM1,MRAP2,SEMA6A,SEMA7A
PRDM16,NFATC1,MRGBP,SEPTIN4,SELENOP
PRDX6,NFATC2,MSL1,SEPTIN8,SEPTIN1
PREX1,NFE2,MST1R,SERINC2,SEPTIN10
PRKD1,NFKB1,MSTN,SERPINA3,SERPINA1
PRKDC,NFKB2,MAP1B,SERPINB1,SERPINB6
PROCA1,NFKBIB,MAP6,SERPIND1,SERPINB9
PRODH,NFKBID,MAP7D2,SERPINE2,SERPINH1
PRPF38B,NFKBIE,MTFP1,SGCD,SERTAD1
PRPF39,NFKBIZ,MTSS1,SGCZ,SESTD1
PRPF4B,NFXL1,MTUS2,SGK2,SGMS1
PRRC2C,NFYA,MUC6,SH3BP4,SGMS2
PRRX2,NHP2,PWWP3A,SH3D19,SGPP2
PRSS35,HCAR2,MYH8,SH3GL3,SH3BGRL
PRSS45P,NINJ1,MYL6B,SH3RF1,SH3BP5
PSD2,NKG7,MYO5B,SHC4,SH3TC2
PSPH,NLRC4,MYO9A,SHISA7,SHE
PTAR1,NLRP1,MYT1,SHROOM2,SEM1
PTCH1,NLRP3,MYT1L,SHROOM3,SHROOM1
PTCH2,NME4,PHF24,SIRT2,SHROOM4
PTDSS2,NMT1,NANOS1,SI,SIGIRR
PTN,NOD2,NANOS2,SIX4,SLAIN2
PTP4A1,NOP2,NAP1L2,SLAIN1,SLC16A1
HACD3,NPC2,NAP1L3,SLC12A2,SLC16A11
HACD2,NRAP,NAPB,SLC16A8,SLC16A13
PTPMT1,NRBF2,NASP,SLC1A1,SLC16A2
PTPN13,NTPCR,NBEA,SLC22A23,SLC16A4
PTPRA,NUAK1,NCAPG,SLC22A3,SLC16A9
PTPRF,NUAK2,NCK2,SLC22A6,SLC19A3
PTPRZ1,NUMB,NCOA2,SLC25A13,SLC22A18
PTX3,NUPR1,NDN,SLC27A3,SLC22A8
PXMP2,OAF,NDRG4,SLC27A6,SLC23A3
PXMP4,OARD1,NDST3,SLC2A13,SLC25A20
PYGB,OAS2,NDST4,SLC35F1,SLC25A24
PYROXD1,OASL,NDUFAF6,SLC41A2,SLC2A1
RAB30,OLFM4,NEB,SLC44A1,SLC30A1
RAB34,OR5V1,NECAB1,SLC44A2,SLC31A1
RAPGEF3,OPHN1,NEDD4L,SLC45A3,SLC31A2
RASA2,ORAI1,NEFH,SLC48A1,SLC35B3
RASGRF1,ORAI3,NEGR1,SLC4A1,SLC35D2
RASGRP1,OSBPL11,NELL1,SLC4A8,SLC35F2
RASL11A,OSGIN1,NELL2,SLC5A11,SLC38A11
RASL11B,P2RX1,NEUROD1,SLC6A13,SLC38A2
RAVER2,P2RX4,NEUROD2,SLC6A19,SLC38A5
RB1,P2RX7,NEUROD6,SLCO3A1,SLC39A10
RBM20,P2RY12,NFIB,SLITRK1,SLC39A8
RBM46,P2RY13,NFIX,SLITRK3,SLC3A2
RBPMS2,P2RY2,NGFR,SLITRK4,SLC40A1
RDH5,P2RY6,SLC9B2,SLPI,SLC43A3
RETSAT,PACSIN2,NHLH1,SMARCB1,SLC5A5
RFTN2,PALD1,NHLH2,SMOC1,SLC5A6
RFX4,PAOX,NIPSNAP1,SMTNL2,SLC6A6
RGMA,PARP14,NKX2-1,SMYD2,SLC7A1
RGS20,PARP3,NMBR,SNCB,SLC7A5
RGS22,PARVG,NNAT,SNTG1,SLC9A2
RGS7,PCTP,NNMT,SNX11,SLC9A3R2
RHBDF1,PDCD1,NOA1,SNX15,SLCO1A2
RHCG,PDE3B,NOL4,SNX22,SLCO1B3
RHOQ,PDGFB,NOS1,SNX25,SLCO1C1
RIIAD1,PDLIM4,NOSIP,SNX30,SLCO2A1
RMND1,PDXK,CCN3,SNX32,SLFN12L
RNF215,PECR,NOVA2,SORCS3,SLFN5
RNF24,PEPD,NPAS4,SOX10,SLK
ROMO1,PES1,NPFFR1,SOX3,SMAD6
ROR2,PF4,NPNT,SOX6,SMOC2
RORB,PFKFB3,NPPC,SOX8,SMTN
RSAD1,PFN1,NPTX1,SP7,SNAI2
RSPH1,PGGT1B,NPTXR,SPA17,SNRK
RSPH4A,PGPEP1,NPY,SPC24,SNX7
RSPH9,JADE2,NPY1R,SPON1,SOD3
RTN3,PHF23,NPY2R,SPSB1,SOX13
RUFY4,PHKA2,NR1H4,SRD5A1,SOX17
S1PR1,PHLDB3,NR2F2,SRPK3,SOX18
SAG,PHYHD1,NRDE2,SRPX2,SOX7
SALL3,PIK3AP1,NRG3,SSH3,SPATA4
SAR1B,PIK3C2A,NRIP3,SSTR1,SPATA6
SARDH,PIK3CD,NRN1,SSTR3,SPTBN1
SASH1,PIK3CG,NRSN2,ST18,SPOCK2
MSMO1,PIK3R5,NSD1,ST8SIA1,SPON2
SCARA3,PILRA,NSF,STAM,SRMS
SCG3,PILRB,NSG1,STEAP1,SRPRA
SCP2,PIM1,NSG2,STK32A,SSU72
SCTR,PIP4K2A,NSRP1,STK33,ST3GAL1
SDSL,PKN1,NT5C1A,STK39,ST3GAL6
SEC14L2,PLA2G15,NT5DC2,STMN4,ST8SIA4
SEMA3B,PLA2G2D,NT5DC3,STRN,ST8SIA6
SEMA6D,PLA2G4A,NTN5,STX1B,STAP2
SENP1,PLA2G4D,NTNG2,STXBP6,STARD13
SEPTIN11,PLAC8,NTRK1,SULF1,STEAP4
SEPTIN9,PLAGL2,NTS,SULF2,STK3
SERHL2,PLAU,NTSR1,SYCE2,STOM
SFRP1,PLBD1,NUMBL,SYCP3,STOX1
SFRP5,PLCB2,NUP35,SYDE2,STRA6
PNISR,PLCG2,NXNL2,SYNJ2,SYAP1
SFXN1,PLCL2,NXPH2,SYNPO,SYT15
SFXN2,PLD3,NXPH3,SYT2,SYTL4
SFXN5,PLD4,NXPH4,SYT3,TBXT
SH3PXD2B,PLEK,NYX,SYTL5,TACR3
SIGMAR1,PLEKHM2,OCIAD2,SZT2,TAF7
SIX5,PLEKHO1,TENM1,TACC2,TAGLN2
SLC10A1,PLEKHO2,TENM4,TAF9B,TAX1BP3
SLC12A4,PLIN2,OGT,TBC1D14,TBC1D1
SLC13A1,PLOD1,OLFM1,TBC1D19,TBC1D2
SLC13A3,PLOD3,OLFM3,TBC1D22B,TBX1
SLC13A5,PLSCR3,OPN3,TBC1D23,TBX2
SLC14A1,PLXDC1,OPRD1,TBC1D5,TBX3
SLC14A2,PLXDC2,OPRK1,TBC1D8,TBX4
SLC15A2,PLXNB2,OPRM1,TBC1D9B,TBXA2R
SLC1A2,PMEPA1,OSBPL5,TBX18,TCEA1
SLC1A3,PMM2,OSCAR,TCEAL6,TCEA3
SLC1A4,PMP22,OXTR,TCEAL5,TCF15
SLC20A1,PNP,P2RX5,TCF7L2,TCF23
SLC20A2,PNPLA7,PACSIN1,TCFL5,TEAD2
SLC22A12,PNPO,PAK3,TDRD7,TEAD4
SLC22A4,PON3,PAK6,ITPR3,TECRL
SLC25A18,POR,PAK5,TFEB,TEK
SLC25A21,POU2F2,PALM2AKAP2,TM7SF3,TNS2
SLC25A34,PPCDC,PALM3,TMCC1,TEPP
SLC25A42,PPP1R15A,PANX2,TMCC3,TES
SLC26A5,PPP1R3B,PAPPA2,TMEM100,TFPI
SLC26A6,PPP6R1,PAQR9,TMEM108,TFPI2
SLC27A1,PPRC1,PARP6,TMEM121,TFRC
SLC2A10,PPT1,PATZ1,TMEM132C,TGFB1I1
SLC2A4,PPT2,PAXBP1,TMEM132D,TGFBR3
SLC30A10,SLC66A1,PBK,TMEM132E,THBD
SLC38A3,PRG2,PBRM1,TMEM151A,THSD1
SLC39A12,PRKCD,PBX1,TMEM163,TIAM1
SLC39A14,PRPS1L1,PBX3,TMEM179,TIE1
SLC41A1,PRPS2,PCBP3,TMEM196,TIMP1
SLC44A3,PSAP,PCDH17,CEMIP2,TINAGL1
SLC4A4,PSD4,PCDHA1,TMEM200B,TJP1
SLC6A1,PSMB10,PCDHA13,TMEM26,TM4SF1
SLC6A11,PSMB8,PCDHA2,TMEM40,TANGO6
SLC6A17,PSMB9,PCDHA3,TMEM9,TMEM123
SLC6A9,PSME2,PCDHA4,TMF1,TMEM154
SLC7A10,PTAFR,PCDHA5,TMOD1,TMEM204
SLC7A11,PTBP3,PCDHA6,TMPRSS5,TMEM45A
SLC7A2,PTGDS,PCDHA7,TNFRSF13C,TMEM71
SLC9A3R1,PTGER1,PCDHAC2,TNPO1,TMEM88
SLITRK2,PTGER4,PCDHGC4,TNR,TMIGD1
SMC4,PTGR1,PCGF2,TNS3,TMOD3
SMC5,PTGS1,PCP4,TPD52L2,TMOD4
SMDT1,PTK2B,PCSK1,TPPP,TMTC2
SMG1,PTPN1,PCSK5,TPPP3,TNFAIP1
SMIM8,PTPN18,PDCD1LG2,TPX2,TNFAIP8L1
SMO,PTPN6,PDE1A,TRAF4,TNFRSF10A
SMPD2,PTPN7,PDE4A,TRAK2,TNFRSF11B
SMYD1,PTPRC,PDE4DIP,TF,TNFRSF18
SNCAIP,PTPRCAP,PDP1,TRIM27,TNFRSF25
SNED1,PTPRJ,PDXP,TRIM67,TNFRSF8
SNTA1,PTS,PDZD2,TP53INP2,TNFSF10
SNTB1,PUS1,PDZD4,TSGA13,TNKS1BP1
SOAT1,PUS10,PDZD7,TSHZ3,TNS1
SON,PWWP2B,PEG10,TSPAN2,TPD52L1
SORBS1,PXN,PEG3,TSPO2,TPK1
SORCS2,PYCARD,PELI3,TTL,TRIB3
SORL1,PYGL,PENK,TUB,TRIM16
SOX21,PYROXD2,PFDN1,TUBB4A,TRIM25
SOX9,QPRT,PFDN6,TYW5,TRIM6-TRIM34
SP5,QSOX1,PGBD5,UBAP1,TRIM56
SP6,RAB11FIP5,PGF,UBE2J2,TRIM69
SPAG1,RAB17,PGM2L1,UBL3,TRIOBP
SPAG8,RAB20,PGR,UBR3,TRIP10
SPAG9,RAB27A,PGRMC1,UGDH,TRPM6
SPATA17,RAB32,PHC1,UGT8,TSC22D1
SPATA18,RAB35,PHC2,UHRF1,TSHZ2
SPATA22,RAB39A,PHC3,UNC80,TSPAN13
SPATA3,RAB3D,PHF14,URI1,TSPAN18
SPIRE1,RAB3IL1,PHF20L1,URM1,TSPAN5
SPRY2,RAB43,PHF8,USP16,TTC32
SPTAN1,RAB8B,PHIP,USP24,TTC7B
SQLE,RABEP2,PIAS2,USP32,TTR
SREBF1,RAC2,PIAS4,USP54,TXN
SREK1,RAD9A,PIK3C2G,UST,TYMS
SRSF10,RAP2C,PIP4K2B,UTP14C,UACA
SRSF11,RAPSN,PIP5KL1,VAMP1,UBE2D3
ITPRID2,RASA4,PITPNM2,VAT1L,UBXN10
STK17B,RASAL3,PITPNM3,VCAN,UBXN2A
STK36,RASD2,PIWIL2,VIPR2,UNC45B
STK38L,RASSF4,PKIB,VLDLR,USHBP1
STON2,RASSF5,PLA2G4E,VMP1,USP18
STT3B,RBM34,PLA2G4F,VPS13B,USP3
SUCLG2,RBM38,PLCD3,VSNL1,USP43
SUOX,RBM47,PLCH2,VSTM2B,USP53
SYBU,RCAN1,PLCXD2,WASF1,USP6NL
SYCP2,RCSD1,PLCXD3,WDHD1,UTP14A
SYNE1,REL,PLCZ1,WFIKKN1,UTRN
SYNM,RELA,PLEK2,CCN6,VAMP5
SYNPO2,RELB,PLEKHA5,WNT10A,VANGL1
SYPL2,RENBP,PLEKHA7,WNT4,VEGFC
SYT11,RFTN1,PLG,WNT6,VIL1
TACO1,RGS1,PLIN5,XKR5,VSIG2
TAF1,RGS10,PLXNA2,XPO6,VTN
TAGLN,RGS14,PNCK,XRCC3,VWA3A
TANK,RGS19,PNMA1,XYLT1,VWF
TBC1D10A,RGS2,PNMA2,YTHDC2,TCEAL9
TBCE,RHBDF2,PNOC,RTL4,WDR86
TFAP2C,RHOB,POGZ,ZCCHC17,WEE1
TCTN3,RHOG,POLA1,ZCCHC24,WFDC1
TEAD1,RHOH,POLA2,ZDHHC14,WNT5B
TECTB,RILPL1,POLR2D,ZDHHC15,WWC2
TEKT1,RILPL2,POMGNT2,ZDHHC2,WWTR1
TEKT4,RIN3,POPDC3,ZDHHC23,XAF1
TEKT5,RINL,POU4F1,ZFHX4,XIAP
TET2,RIPK3,PPARGC1B,ZNF365,YES1
TEX9,RNASE10,PPFIA2,ZFP41,ZAP70
TGFB2,RNASE12,PPIF,ZNF462,TUT7
THBS1,RNASE4,PPM1D,ZNF579,ZDHHC20
THBS4,RNASE6,PPM1E,ZNF648,ZFAND2A
THEM4,RNASEL,PPP1R1B,ZNF791,ZFP69
THOC1,RNASET2,PPP3CB,ZNF276,ZIC3
THOC2,RNF114,PQBP1,ZNF281,
TIMM21,RNF166,SLC66A3,ZZEF1,
TIMP3,RNF19B,PRDM8,SEPTIN5,
TJP2,RNF213,PREPL,,
TLCD1,RNH1,PRIM1,,
TM7SF2,RNPEP,PRKACB,,
TMC7,ROGDI,PRKAR1B,,
TLCD5,RP2,PRKAR2B,,
TMEM161B,RPL10,PRKCG,,
TMEM176B,RPL19,PRKCE,,
TMEM218,RPL3,PRKRIP1,,
TMEM229A,RPL30,PRLHR,,
TMEM259,RPS6KA1,PRMT8,,
TMEM82,RPS6KA4,PROKR2,,
TMEM86B,RPTOR,PROX1,,
TMPRSS7,RRAD,PRPH,,
TNC,RRAGA,PRPS1,,
TNFAIP8,RRAGC,PRR12,,
TNFRSF19,RTN4RL1,PRRC2B,,
TNNI3,RUFY1,PRRT2,,
TNNT3,SNX29,PRTN3,,
TOB1,RUNX1,PRUNE2,,
TOM1L1,RUNX3,PSD,,
TOM1L2,RXRA,PSME4,,
TPBG,RXRB,PTCHD1,,
TPMT,S100A8,PTH2R,,
TRAF3,S100A9,PTPRN2,,
TRAK1,S1PR4,PYCR1,,
TRH,SAG,QSER1,,
TRIB2,SALL1,RAB11FIP2,,
TRIL,SAMHD1,RAB11FIP4,,
TRIM9,SAP30,RAB26,,
TRIP11,SASH3,RAB3A,,
TRMT12,SAT1,RAB3B,,
TRPM3,SBNO2,RAB3C,,
TRPM7,SCAMP2,RAB3D,,
TRPS1,SCLY,RAB6B,,
TSC22D4,SCPEP1,RAB9B,,
TSGA10,SDC4,RAC3,,
TSKU,SELPLG,RADIL,,
TSPAN7,SERINC3,RAI1,,
TST,SERPINA3,RAI2,,
TTC12,SERPINB6,RALGPS2,,
TTC14,SERPINB8,RALYL,,
TTC21A,SERPINE1,RAMP3,,
TTC21B,SERPINF2,RAPGEFL1,,
TTC37,SPI1,RARB,,
TTC9,SFT2D1,RASGEF1A,,
TTLL4,SFT2D2,RASGEF1C,,
TTLL8,SFXN2,RASGRP2,,
TTPA,SGK1,RASSF6,,
TTYH1,SGPL1,RASSF7,,
TTYH3,SGSH,RB1,,
TULP3,SH2B2,RBFOX1,,
TXNRD3,SH2B3,RBFOX2,,
UBE2F,SH3BP1,RBM15B,,
UCP3,SH3BP2,RBM38,,
UGT1A6,SH3KBP1,RBM4,,
UPF3B,SH3PXD2A,RBM4B,,
UPP1,SH3TC1,RBMS3,,
UQCRHL,SHC1,RCAN2,,
USP54,SHKBP1,RCAN3,,
VAV3,SHMT1,RCOR2,,
VCAM1,SIAE,RELL2,,
VCL,SIGLEC1,RELN,,
VEGFA,SIGLEC8,REM2,,
VEPH1,SIGLEC9,RETN,,
VEZT,SIGLEC10,RFX1,,
VGLL2,SIPA1,RFX3,,
VHL,SIRPA,RTL9,,
VIT,SKAP2,RGMB,,
VNN1,SKI,RGS11,,
VPS13C,SLA,RGS17,,
VPS13D,SLAMF1,RGS4,,
VWA8,SLAMF6,RGS7BP,,
WASF3,SLAMF8,RGS8,,
CFAP52,SLAMF9,RHBDL1,,
WDR19,SLC10A3,RHOF,,
WDR35,SLC10A6,RHOV,,
CFAP44,SLC11A1,RIMBP2,,
DYNC2I1,SLC11A2,RIMS3,,
DNAI3,SLC12A7,RIMS4,,
DNAI4,SLC15A3,RIPK4,,
CFAP43,SLC15A4,RIT2,,
WNT7A,SLC16A10,CARMIL2,,
WSB1,SLC16A3,RNASEH2B,,
WWC1,SLC16A6,RND3,,
XKRX,SLC17A9,RNF152,,
YAP1,SLC25A10,RNF165,,
ZBTB20,SLC25A45,RNF214,,
ZBTB25,SLC29A1,RNFT2,,
ZBTB37,SLC29A3,RNPC3,,
ZBTB41,SLC2A5,ROBO2,,
ZCCHC24,SLC2A8,RPP25,,
ZDHHC21,SLC2A9,RPS19BP1,,
ZFC3H1,SLC30A3,RRM2,,
ZNF546,SLC35A3,RSPH4A,,
ZNF112,SLC35C2,RSPO1,,
ZNF142,SLC36A1,RSPO2,,
ZNF665,SLC36A2,RTBDN,,
ZNF280C,SLC38A10,RTL1,,
ZFP36L2,SLC38A7,RTN1,,
ZNF449,SLC39A1,RTN4R,,
ZNF507,SLC39A4,RTN4RL2,,
ZNF780A,SLC43A1,RUFY3,,
ZNF2,SLC43A2,RUNDC3B,,
ZNF799,SLC44A2,RUNX1T1,,
ZNF839,SLC46A1,RUSC1,,
ZNF879,SLC5A10,RXFP1,,
ZHX2,SLC7A7,RYR2,,
ZHX3,SLC7A8,SAMD10,,
ZMYND10,SLC9A9,SAMD14,,
ZNRF3,SLCO2B1,SAMD3,,
ZRANB3,SLCO4A1,SAP130,,
ZSCAN12,SLFN13,SARM1,,
ZSCAN20,SLMAP,SATB2,,
MARCHF2,SMAD3,SBK1,,
KIAA0100,SMAP2,SBSN,,
,SMARCD2,SCAI,,
,SMCR8,SCMH1,,
,SMPDL3B,SCML4,,
,SNN,SCN2B,,
,SNTA1,SCN3B,,
,SNX17,SCN4B,,
,SNX2,SCN5A,,
,SNX20,SCN9A,,
,SNX5,SCRT1,,
,SNX8,SCRT2,,
,SNX9,SCUBE3,,
,SOAT2,SCX,,
,SOCS3,SDK2,,
,SORD,SDR39U1,,
,SOX15,SDSL,,
,SP110,SEMA3A,,
,SP140,SEMA4G,,
,SPATA13,SEMA6C,,
,SPCS3,SENP3,,
,SPG11,SENP7,,
,SPG21,SEPTIN3,,
,SPHK1,SEPTIN6,,
,SPHK2,SERP2,,
,SPIB,SERPINC1,,
,SPIC,SERPINI1,,
,SPN,SERTAD4,,
,SPNS3,SETD2,,
,SPP1,SEZ6,,
,SQOR,SEZ6L2,,
,SRD5A3,SFSWAP,,
,SRGAP2,SFXN3,,
,SRRD,SGIP1,,
,SRSF6,SGSM1,,
,SRSF9,SGTB,,
,SRXN1,SH2D7,,
,ST14,SH3GL2,,
,ST3GAL2,SH3RF3,,
,ST6GALNAC4,SH3YL1,,
,STAB1,SHANK1,,
,STAMBPL1,SHANK2,,
,STARD3,SHISA6,,
,STAT1,SIDT1,,
,STAT2,SIN3B,,
,STAT5B,SIPA1L1,,
,STAT6,SIPA1L3,,
,STK10,SIRT6,,
,STK11IP,SIX3,,
,STK40,SLC10A4,,
,STX11,SLC12A5,,
,STXBP2,SLC17A6,,
,STXBP5,SLC17A8,,
,SUMO3,SLC18A2,,
,SUN2,SLC18A3,,
,SUSD3,SLC22A15,,
,SYK,SLC24A2,,
,SYNGR1,SLC24A3,,
,SYNGR2,SLC25A22,,
,TAGAP,SLC25A27,,
,TAOK3,SLC27A2,,
,TAP1,SLC27A3,,
,TAP2,SLC2A13,,
,TAPBP,SLC2A3,,
,TATDN2,SLC32A1,,
,TBC1D10A,SLC35D3,,
,TBC1D10C,SLC35E1,,
,TBC1D13,SLC35F4,,
,TBC1D22A,SLC37A1,,
,TBC1D2B,SLC38A1,,
,TBXAS1,SLC38A4,,
,TCAP,SLC5A7,,
,TFE3,SLC6A15,,
,TFEC,SLC6A17,,
,TCIRG1,SLC6A7,,
,TCN2,SLC7A14,,
,TEP1,SLC7A4,,
,TGFB1,SLC9A6,,
,TGFBI,SLCO5A1,,
,TGFBR1,SLFN13,,
,TGFBRAP1,SLIT1,,
,TGIF1,SLIT3,,
,TGIF2,SMARCA5,,
,TGM1,SMARCAL1,,
,TGM2,SMARCD3,,
,TICAM1,SMC4,,
,TIFA,SMC5,,
,TIFAB,SMG1,,
,TIMD4,SMG7,,
,TK1,SMG8,,
,TK2,SMPD3,,
,TLCD2,SMPD4,,
,TLE3,SMS,,
,TLN1,SNAP25,,
,TLR1,SNAP91,,
,TLR2,SNCA,,
,TLR3,SNCB,,
,TLR5,SNRPN,,
,TLR6,SNTG2,,
,TLR7,SNX10,,
,TLR8,SNX16,,
,TLR9,SNX21,,
,TMCO4,SOBP,,
,TMEM104,SOX11,,
,TMEM106A,SOX4,,
,TMEM119,SP8,,
,STING1,SP9,,
,TMEM179B,SPATA2L,,
,TMEM185B,SPC25,,
,TMEM202,SPDEF,,
,PACC1,SPEN,,
,TMEM219,SPHKAP,,
,TMEM221,SPIN1,,
,TMEM52,SPINT2,,
,TMEM63A,SPTBN4,,
,TMEM86A,SPOCK1,,
,MYMK,SPRYD3,,
,TNF,SRGAP3,,
,TNFAIP2,SRRM4,,
,TNFAIP3,SS18L1,,
,TNFAIP8L2,SSBP2,,
,TNFRSF11A,SSBP3,,
,TNFRSF13B,SSH2,,
,TNFRSF14,ZNRD2,,
,TNFRSF17,SST,,
,TNFRSF1A,SSTR2,,
,TNFRSF1B,SSTR4,,
,TNFSF13,ST18,,
,TNFSF14,ST7,,
,TNFSF18,ST8SIA2,,
,TNIP2,ST8SIA3,,
,TNNI2,ST8SIA5,,
,TNS4,STAC,,
,TOP3A,STAU2,,
,TOR3A,STK32B,,
,TOR4A,STK32C,,
,TPD52,STMN1,,
,TPM3,STMN2,,
,TPP1,STMN3,,
,TPST2,STRBP,,
,TRADD,STX19,,
,TRAF2,STX1A,,
,TRAF3IP3,STX1B,,
,TRAF5,STXBP1,,
,TREM1,SUDS3,,
,TREM2,SUGP1,,
,TREML1,SUGP2,,
,TREML2,SULT4A1,,
,TREX1,SUSD2,,
,TRIB1,SUV39H2,,
,TRIM14,SUZ12,,
,TRIM21,SV2B,,
,TRIM47,SV2C,,
,TRIM65,SVOP,,
,TRMT2A,SYN1,,
,TRPM2,SYN2,,
,TRPM4,SYN3,,
,TRPV2,SYNE2,,
,TRPV4,SYNGAP1,,
,TSLP,SYNGR3,,
,TSPAN14,SYNPR,,
,TSPAN32,SYP,,
,TSPAN33,SYT1,,
,TSPAN8,SYT10,,
,TTC39B,SYT13,,
,TTC7A,SYT17,,
,TUBA4A,SYT2,,
,TUBB6,SYT3,,
,TWF2,SYT4,,
,TXNIP,SYT5,,
,TXNRD1,SYT6,,
,TYROBP,SYT7,,
,UBA7,SYTL1,,
,UBASH3B,TAC3,,
,UBC,TACC3,,
,UBE2G2,TACR1,,
,UCP2,TANC2,,
,UHRF1BP1,TAS1R1,,
,UMPS,TASP1,,
,UNC13D,TBC1D7,,
,UNC93B1,TBR1,,
,USP25,TBX6,,
,USP35,TCEAL7,,
,VAMP8,TCERG1L,,
,VASP,TCF20,,
,VAV1,TCF4,,
,VAV2,TFAP2D,,
,VIPR1,TCP11,,
,VPREB3,TDRD3,,
,VPS13C,TDRD6,,
,VPS18,TEAD1,,
,VPS37B,TECTA,,
,VRK2,TEKT2,,
,VWA5A,TERF2,,
,WAS,TERF2IP,,
,WASF2,TET3,,
,WDFY2,TEX15,,
,WDFY4,TEX30,,
,WDR55,TGFB1,,
,WDR81,TH,,
,WNT11,THBS2,,
,WWP2,THSD7A,,
,XCR1,THSD7B,,
,XDH,THY1,,
,XIRP1,TIAM2,,
,YKT6,TIMELESS,,
,ZBTB32,TLE3,,
,ZBTB8OS,TLK2,,
,ZC3H10,TM4SF5,,
,ZC3H12A,TMEM130,,
,ZC3H6,TMEM132A,,
,ZC3HAV1,TMEM145,,
,ZFHX3,TMEM150C,,
,ZNF296,TMEM158,,
,ZFP36,TMEM169,,
,ZNF385A,TMEM178A,,
,ZNF513,TMEM198,,
,ZNF691,TMEM200A,,
,ZNF697,TMEM210,,
,ZNF703,TMEM35A,,
,ZNF710,TMEM59L,,
,ZFPM1,TMEM63C,,
,ZFYVE26,SYNDIG1L,,
,ZMYND15,TMEM91,,
,ZNFX1,TMPPE,,
,ZSWIM4,TMPRSS2,,
,ZYX,TNFAIP8L3,,
,,TNRC6C,,
,,TOP2A,,
,,TPX2,,
,,TRANK1,,
,,TRAPPC6B,,
,,TFR2,,
,,TRIM17,,
,,TRIM33,,
,,TRIM46,,
,,TRIM66,,
,,TRIM67,,
,,TRNP1,,
,,TRO,,
,,TP53I11,,
,,TP73,,
,,TRPC3,,
,,TRPC4,,
,,TRPC5,,
,,TRPC6,,
,,TRPC7,,
,,TRPV1,,
,,TRPV6,,
,,TRRAP,,
,,TSC22D2,,
,,TSPYL4,,
,,TTBK2,,
,,TTC22,,
,,TTC26,,
,,TTC34,,
,,TTC39A,,
,,TTL,,
,,TUBB2A,,
,,TUBB3,,
,,TUBG2,,
,,TUFT1,,
,,TULP1,,
,,TUSC3,,
,,TWSG1,,
,,UBASH3B,,
,,UBE2C,,
,,UBE2O,,
,,UBE2QL1,,
,,UBE2V2,,
,,UBFD1,,
,,UBQLN1,,
,,UBQLN2,,
,,UCHL1,,
,,UFSP1,,
,,UGGT2,,
,,ULK1,,
,,UNC119,,
,,UNC13A,,
,,UNC5A,,
,,UNC5D,,
,,UPF2,,
,,UPK3A,,
,,UPP2,,
,,URB1,,
,,USP11,,
,,USP22,,
,,USP28,,
,,USP29,,
,,USP48,,
,,USP9X,,
,,UTP23,,
,,UTP3,,
,,VAMP2,,
,,VASH2,,
,,VEZF1,,
,,VGF,,
,,VIP,,
,,VKORC1L1,,
,,VOPP1,,
,,DCAF1,,
,,VSNL1,,
,,VSTM2A,,
,,VSTM2L,,
,,VWA5B2,,
,,VWC2,,
,,VWC2L,,
,,VWCE,,
,,WDHD1,,
,,WDR47,,
,,WDR74,,
,,WRAP73,,
,,WHRN,,
,,NSD2,,
,,WIF1,,
,,WIPF3,,
,,WIZ,,
,,WNT2,,
,,WSCD2,,
,,XKR4,,
,,XKR7,,
,,XXYLT1,,
,,YBX2,,
,,YDJC,,
,,YPEL1,,
,,YPEL4,,
,,YRDC,,
,,YWHAG,,
,,ZBTB12,,
,,ZBTB16,,
,,ZBTB18,,
,,ZBTB8B,,
,,ZCCHC12,,
,,ZCCHC18,,
,,ZDBF2,,
,,ZDHHC22,,
,,ZNF280D,,
,,ZNF292,,
,,ZNF362,,
,,ZFP37,,
,,ZNF385B,,
,,ZNF423,,
,,ZFP57,,
,,ZNF575,,
,,ZFP62,,
,,ZNF644,,
,,ZNF667,,
,,ZNF711,,
,,ZNF804A,,
,,ZNF821,,
,,ZFP92,,
,,ZFPM2,,
,,ZFR2,,
,,ZIC1,,
,,ZIC4,,
,,ZNF483,,
,,ZMAT4,,
,,ZMYM2,,
,,ZMYM3,,
,,ZNF143,,
,,ZNF148,,
,,ZNF22,,
,,ZNF280C,,
,,ZNF521,,
,,ZNF536,,
,,ZNF609,,
,,ZNF668,,
,,ZNF704,,
,,ZPBP,,
,,ZSCAN21,,
,,ZWINT,,
,,SHTN1,,
